phase,event_key,actual_start,note
Getting ready & portraits,a_grooming,11:00,
Getting ready & portraits,s2_makeup,11:20,
Getting ready & portraits,getting_ready_portraits,12:00,
Getting ready & portraits,first_look,13:20,
Getting ready & portraits,immediate_family,13:45,
Getting ready & portraits,extended_family,14:30,
Ceremony & cocktail hour,ketubah,15:55,
Ceremony & cocktail hour,guest_arrival,16:00,
Ceremony & cocktail hour,ceremony,16:43,
Ceremony & cocktail hour,cocktail_hour,17:20,
Ceremony & cocktail hour,join_cocktail,17:45,
Reception,taiko,18:25,
Reception,entrance_bride_parents,18:40,
Reception,entrance_couple,18:46,
Reception,first_dance,18:46,Reported together with the couple's entrance
Reception,hamotzi,19:15,
Reception,best_man_toast,19:23,
Reception,maid_of_honor_toast,19:30,
Reception,mother_son_dance,19:33,
Reception,father_daughter_dance,19:40,
Reception,hora,19:45,
Reception,dance_set_2,19:52,
Reception,main_course,20:30,
Reception,dad_1_toast,20:50,
Reception,dad_2_toast,20:57,
Reception,cake_cutting,21:06,
Reception,couple_toast,21:07,
Reception,bouquet_presentation,21:09,
Reception,dance_set_3,21:15,
Departure,bus_1_boarding,22:15,
Departure,bus_1_departure,22:30,
Departure,bus_2_boarding,22:20,
Departure,bus_2_departure,22:45,
